,nsneeze,alcohol,antihist,smoker,age,pollen
0,15,0,0,0,50.0,38.9888827304619
1,12,1,0,0,46.0,75.1391463817404
2,14,0,0,0,30.0,51.61028957469702
3,45,0,0,1,18.0,73.8793213224736
4,18,0,0,1,43.0,33.169896927511935
5,20,0,0,0,51.0,45.177527695036765
6,74,0,0,0,44.0,118.83418935027889
7,9,0,1,0,31.0,44.09039374924409
8,15,0,0,1,18.0,22.529357839031572
9,18,0,0,0,34.0,34.84836367625256
10,25,0,0,0,22.0,63.71775265402366
11,58,1,0,0,24.0,50.925947629375834
12,18,0,1,1,34.0,52.899658891597156
13,30,1,0,0,26.0,60.15839720693771
14,3,0,1,0,36.0,35.456120352900236
15,11,1,0,0,48.0,47.22270574706674
16,6,0,0,0,18.0,44.77491700430752
17,7,0,0,0,39.0,46.33607703196132
18,4,0,1,0,41.0,42.364476049456144
19,18,0,1,0,31.0,63.054926297556044
20,20,1,0,0,18.0,22.780963269808833
21,69,1,1,0,23.0,95.72817948435132
22,415,0,1,0,67.0,184.47334195739586
23,7,1,0,0,45.0,46.97687976047643
24,78,1,0,0,18.0,95.73543708909517
25,18,1,0,0,29.0,42.45721538732463
26,159,0,0,1,29.0,101.84809975857279
27,17,0,0,0,36.0,72.11073953752575
28,9,0,0,1,39.0,44.39417924973235
29,56,1,0,1,46.0,65.8113882706613
30,21,0,0,0,37.0,70.47047460455612
31,30,0,0,1,23.0,28.488781704575935
32,9,1,0,1,47.0,49.40484238842371
33,2,0,0,0,24.0,14.750934102559603
34,12,1,0,0,42.0,34.03767056451367
35,10,0,0,0,60.0,41.97903300613153
36,21,1,0,1,37.0,26.84586616223059
37,13,1,0,0,18.0,77.12107808547233
38,11,0,0,1,43.0,34.56404874164313
39,10,1,1,0,40.0,49.53851362163539
40,88,1,0,1,20.0,71.24787303801972
41,14,1,0,1,44.0,35.263484011801346
42,19,0,0,0,36.0,54.76700496599857
43,17,1,0,0,20.0,40.01944191610995
44,460,0,0,0,37.0,176.63371985132932
45,8,0,1,0,32.0,24.210907452916548
46,30,1,1,0,18.0,74.90266423827481
47,26,0,0,0,38.0,55.3181935914226
48,165,0,0,1,18.0,86.78938505237062
49,4,0,1,0,41.0,54.586770356065685
50,19,0,1,0,18.0,81.44055565641321
51,32,1,1,0,41.0,64.93430518099021
52,53,0,0,0,36.0,97.53504432784891
53,13,0,1,0,18.0,46.22872992043527
54,3,0,1,0,41.0,51.787100650958266
55,4,0,0,0,49.0,51.61989676440779
56,493,0,0,1,18.0,125.02495037886524
57,13,0,0,0,21.0,34.823843751662125
58,28,0,0,1,19.0,82.88547460411192
59,71,1,0,0,29.0,71.14049172093958
60,7,0,0,0,54.0,21.310111993104723
61,5,0,1,0,34.0,46.17206291230117
62,18,1,0,0,53.0,66.1194972378699
63,12,0,1,1,31.0,47.27673369413456
64,7,0,0,0,51.0,58.047472284147176
65,14,0,0,0,25.0,62.92147782669863
66,2,1,1,0,28.0,12.471512777853453
67,10,0,0,0,18.0,48.41786971020266
68,1,1,0,0,45.0,21.84324069705345
69,6,0,0,1,31.0,36.51019814129339
70,66,1,1,0,27.0,98.7419511030842
71,3,0,0,0,19.0,16.733273326770913
72,12,0,0,0,42.0,35.43612743054138
73,16,1,0,0,38.0,54.16922439765306
74,37,0,0,0,20.0,69.67315770390618
75,26,0,0,1,53.0,53.4458149846517
76,21,1,0,1,34.0,31.44341463530157
77,5,0,0,0,31.0,47.36313108851674
78,13,1,0,0,59.0,74.94454308280582
79,12,1,0,0,32.0,17.242584635179472
80,12,1,0,0,32.0,38.01779611388695
81,14,0,0,0,30.0,39.166846170197275
82,22,1,0,0,65.0,43.629132187544634
83,22,0,0,1,65.0,54.74228562260846
84,12,0,0,1,49.0,42.169097636713815
85,14,1,0,0,32.0,38.34268000972322
86,6,0,1,0,26.0,52.23338626167117
87,14,1,1,0,41.0,50.3190252065845
88,13,1,1,0,35.0,40.13910945277218
89,44,0,0,0,18.0,77.65353311883288
90,18,0,0,0,51.0,86.57087142132097
91,6,1,0,0,28.0,8.804512756100015
92,28,0,0,0,44.0,89.57903447891435
93,39,0,0,1,33.0,52.71408154004359
94,67,0,0,1,34.0,104.66083811889023
95,10,0,0,0,18.0,32.72493191276705
96,9,1,1,0,23.0,61.92238078079113
97,6,0,0,0,26.0,32.84591405984813
98,5,0,0,1,35.0,51.133001050137516
99,15,0,1,0,40.0,40.86548088872239
100,32,0,0,0,31.0,112.29239414123535
101,92,0,0,0,24.0,105.0009290083545
102,5,1,0,1,50.0,40.56462316157628
103,11,0,1,0,35.0,70.87475543384956
104,34,1,0,0,42.0,59.49680711051727
105,2,0,1,0,40.0,44.982523211782926
106,76,0,0,0,23.0,86.62668196341032
107,6,1,1,0,26.0,32.56671117545413
108,26,1,0,0,47.0,30.283686710978937
109,6,1,0,0,62.0,18.47720805092754
110,15,0,1,0,42.0,61.342389416895465
111,12,0,0,0,26.0,23.090533412803975
112,6,1,0,0,52.0,23.196700143495853
113,104,1,0,1,18.0,63.356321293562544
114,4,0,0,0,23.0,27.0016165845073
115,6,1,0,0,53.0,19.42881815593584
116,17,1,0,1,29.0,61.97891715041584
117,3,1,0,0,56.0,22.432008215209084
118,60,1,0,1,18.0,40.89287257324321
119,18,0,0,0,26.0,65.2421418830086
120,11,0,1,0,40.0,34.51235004042742
121,9,0,1,0,38.0,51.481367632753326
122,12,0,0,1,39.0,31.990141926642114
123,13,0,0,0,35.0,53.89181433576216
124,156,1,0,0,26.0,155.15717598567662
125,2,0,1,0,49.0,52.206914018585586
126,147,0,0,1,26.0,149.23929092586886
127,8,1,1,0,18.0,44.19424452622553
128,56,0,0,0,33.0,96.33638157664197
129,47,0,0,1,18.0,32.432874150580645
130,10,0,0,1,47.0,48.20067315305438
131,130,1,0,0,42.0,97.60129783419565
132,19,0,0,0,34.0,57.671017775281605
133,10,0,0,0,25.0,11.085904054725079
134,112,1,0,0,18.0,99.5730097296891
135,3,0,0,0,18.0,38.99185438308193
136,113,1,0,1,45.0,63.67262080134806
137,17,0,1,1,36.0,54.70724637043987
138,203,1,0,1,40.0,95.15993633857903
139,16,1,1,0,33.0,52.722796473839374
140,26,0,0,1,39.0,33.80497492695774
141,16,0,0,0,18.0,50.15623556618769
142,12,0,0,0,44.0,73.5474013443083
143,6,0,1,1,40.0,61.30268585915959
144,27,0,0,0,47.0,40.295097331241394
145,18,0,1,0,37.0,62.47122686366336
146,41,0,0,0,21.0,91.5847470613523
147,109,1,0,0,42.0,100.0299676635355
148,10,0,0,0,18.0,42.74030107567545
149,2,0,0,0,49.0,39.39709279368583
150,59,0,0,0,39.0,102.1265569353443
151,16,1,0,0,26.0,20.150948796599046
152,15,0,0,0,40.0,69.89274066098478
153,19,0,1,0,57.0,88.2004049074175
154,4,0,1,0,21.0,28.2931443000567
155,20,1,0,0,59.0,35.447929407358636
156,6,0,0,1,36.0,33.981039849994005
157,73,0,0,0,50.0,121.08822344477349
158,19,1,0,0,39.0,49.90317136128891
159,12,1,0,0,42.0,24.874929240600892
160,14,0,0,0,60.0,69.84398770606488
161,23,0,0,0,38.0,62.032186758801146
162,52,0,0,0,33.0,107.08796396986699
163,13,1,1,0,38.0,56.25636356156039
164,31,0,1,0,50.0,96.5329074708063
165,0,0,0,0,32.0,25.309519900561426
166,19,0,0,0,22.0,59.423877687003184
167,6,0,1,0,32.0,41.27884368152974
168,169,0,0,1,43.0,93.90199619497642
169,16,0,0,1,35.0,45.14960408849961
170,46,0,0,0,41.0,71.36864286999598
171,86,1,1,0,24.0,86.7812462998406
172,2,0,0,0,54.0,26.89520314436266
173,15,0,0,0,40.0,37.99870605102945
174,17,0,0,0,40.0,45.24322820985642
175,145,1,0,0,35.0,84.22392765521622
176,53,1,0,0,44.0,119.41746333939697
177,25,0,0,0,34.0,44.8826520882108
178,5,0,1,0,33.0,52.95661913498377
179,29,0,0,0,46.0,61.11056883752151
180,31,0,0,0,31.0,94.34487120017656
181,23,0,0,0,34.0,46.823224449866764
182,49,1,0,0,18.0,40.017726012959635
183,4,0,0,0,32.0,20.16797090224593
184,1415,0,0,0,18.0,202.9226898508345
185,100,1,0,1,22.0,69.42656699752875
186,11,0,0,0,26.0,48.03292205612542
187,22,0,0,0,62.0,57.55736558844075
188,9,0,1,0,51.0,38.116121984893425
189,11,1,1,0,40.0,72.34350534324045
190,58,0,0,0,39.0,80.2849562275617
191,9,0,1,0,52.0,77.36381381370121
192,33,1,0,1,18.0,28.881221354772574
193,81,1,1,0,18.0,102.81779985228349
194,20,1,0,0,34.0,58.7831163543966
195,9,1,0,0,24.0,27.62568185784107
196,30,0,1,0,18.0,99.57751544813702
197,14,0,1,1,29.0,56.62617324338978
198,15,0,0,0,44.0,56.46233219215547
199,11,1,1,1,48.0,39.444479143390986
200,51,1,0,0,34.0,44.92915560425607
201,4,0,1,0,39.0,21.025912893775953
202,2,1,0,0,44.0,30.86855691635182
203,18,0,1,0,18.0,43.20570001712789
204,7,0,0,0,44.0,19.726716871665623
205,47,0,0,0,18.0,116.64956538671485
206,5,0,0,0,39.0,41.841099583369335
207,8,0,0,1,43.0,32.26556207198849
208,2,1,0,0,43.0,22.533003622477008
209,28,1,0,0,27.0,58.676246717496696
210,20,0,0,0,43.0,60.81878610668371
211,71,1,0,0,43.0,84.60407556477656
212,2,0,0,0,48.0,55.40089229486824
213,9,0,0,0,18.0,14.11027016662332
214,65,0,0,1,23.0,57.22496000602243
215,3,0,0,0,40.0,43.98233975648667
216,26,0,0,0,32.0,70.06516609575652
217,38,1,0,0,45.0,76.43394307788836
218,72,1,0,0,42.0,87.38550102829295
219,5,0,0,0,38.0,21.53490482522739
220,6,0,1,1,41.0,50.27261678226022
221,113,0,0,0,37.0,108.5675162045343
222,7,0,1,0,23.0,46.43498555882657
223,48,1,1,0,42.0,69.68268143552928
224,31,0,0,0,26.0,79.70862676274325
225,8,1,0,1,57.0,43.571374371579964
226,31,0,0,0,50.0,100.65952931916516
227,25,1,0,1,25.0,24.99478238654308
228,16,1,1,0,37.0,77.2618054026742
229,59,1,0,0,18.0,65.05810170382648
230,10,0,0,0,36.0,35.668917084658034
231,1,0,1,0,57.0,36.940598708398845
232,13,1,1,0,38.0,56.17958738684667
233,7,0,0,0,48.0,19.535746082591835
234,100,0,1,0,52.0,126.9959438338195
235,9,0,0,0,37.0,47.238604293415726
236,1,0,1,0,51.0,47.223067471661736
237,5,0,0,0,32.0,27.76134975427159
238,16,0,0,0,38.0,80.71709934592138
239,57,1,0,0,18.0,48.305116225834894
240,3,0,1,0,25.0,28.906590720917887
241,32,1,0,0,30.0,76.45428175777003
242,9,0,0,0,43.0,65.41226041737158
243,16,0,0,0,19.0,54.05200178800259
244,34,1,0,0,37.0,44.293300857556794
245,58,0,0,1,18.0,76.97870160705943
246,12,0,1,1,29.0,19.607444761654314
247,1049,0,1,0,25.0,182.38094253645193
248,64,1,0,0,57.0,97.28644532038518
249,8,1,1,0,24.0,17.364123312945818
250,19,0,0,0,33.0,47.21293253507494
251,26,1,0,0,47.0,95.61349792679938
252,71,0,0,1,25.0,107.84051542375593
253,18,1,0,0,41.0,26.455684572268236
254,391,0,0,0,33.0,139.83665101493204
255,11,1,1,0,22.0,49.44814778313468
256,32,0,0,0,24.0,80.86865983761439
257,11,0,0,0,46.0,76.26307880731656
258,22,0,0,1,27.0,42.838770502476436
259,23,0,0,1,46.0,62.875658084003064
260,206,1,0,1,35.0,105.40680091286123
261,8,1,1,0,23.0,32.01337564991734
262,61,1,0,0,34.0,77.80536604354862
263,32,1,0,0,65.0,47.654622520100276
264,44,1,0,1,36.0,53.341291854314086
265,13,0,0,0,24.0,64.60178804763278
266,15,1,0,1,40.0,27.80798722893693
267,20,0,0,0,30.0,44.11817417643496
268,12,0,0,0,18.0,42.202824455997735
269,12,0,0,0,40.0,33.79907755047575
270,5,0,0,0,21.0,30.637677882424956
271,9,0,0,0,52.0,24.582515035050335
272,18,0,0,1,51.0,45.17345379021601
273,9,0,0,0,44.0,27.245208738458288
274,19,1,1,0,35.0,22.7168200351637
275,16,1,1,1,23.0,37.47209529713882
276,7,0,0,0,39.0,75.66801665643436
277,12,0,0,0,24.0,41.59899906706613
278,9,0,0,0,50.0,40.31838921539001
279,37,1,0,1,18.0,63.897361253825416
280,4,1,1,0,55.0,32.71122296106778
281,17,1,1,0,33.0,55.179544343661455
282,11,1,0,1,25.0,29.34452096060482
283,32,0,0,1,19.0,50.19252141212961
284,86,0,1,1,43.0,92.92343355248185
285,14,1,1,0,41.0,79.98917014016084
286,1,0,0,0,45.0,28.05419590264676
287,92,1,0,0,33.0,99.42770646926235
288,1,0,0,0,27.0,61.46407781603896
289,37,1,1,0,36.0,93.03978900780795
290,1,0,1,0,18.0,50.046117046547124
291,19,1,0,0,33.0,36.74738008975986
292,20,0,1,0,23.0,78.30321610359579
293,43,0,1,0,53.0,82.22411698413929
294,127,0,1,0,42.0,124.47440815772903
295,72,0,0,0,29.0,110.72297714427403
296,28,0,0,0,28.0,60.56835893763848
297,8,0,1,0,50.0,55.104649753257526
298,447,1,0,0,26.0,117.05126766076889
299,85,0,0,0,33.0,90.48938905449639
300,43,1,1,0,43.0,80.56506291482323
301,12,1,0,0,24.0,28.158831764077384
302,44,1,0,0,53.0,78.18139686488205
303,14,0,1,1,39.0,53.71729612302093
304,3,0,1,0,57.0,59.2189111111236
305,5,0,1,0,35.0,45.13860849766008
306,32,0,0,0,74.0,31.8559329627548
307,6,0,0,0,41.0,50.69731332841673
308,32,0,0,0,38.0,76.08569707917364
309,40,0,0,0,18.0,62.20071391297032
310,141,1,0,0,39.0,96.31834254409665
311,15,1,0,0,18.0,82.07367723316149
312,40,0,0,0,31.0,67.16187765433348
313,2,0,0,0,30.0,18.328931416491496
314,97,0,0,0,48.0,116.78328589604223
315,14,0,0,0,31.0,74.27941021638279
316,30,1,0,0,31.0,58.563475933198546
317,12,0,0,0,24.0,68.49650772204396
318,2,0,0,0,30.0,38.757366346453175
319,39,1,0,0,27.0,80.30804292883576
320,89,0,0,0,60.0,127.43417208097088
321,242,0,0,0,23.0,134.8779931024811
322,35,0,1,0,19.0,106.22676577582241
323,25,0,0,0,26.0,55.013793267879905
324,96,0,0,1,50.0,98.529877012751
325,2,0,0,0,18.0,14.978392474732042
326,8,0,0,0,54.0,38.336438348099314
327,20,0,0,1,22.0,51.05688131610596
328,10,0,0,1,21.0,32.312875123933495
329,157,1,1,0,18.0,120.17275057872872
330,4,0,0,1,41.0,21.327223739006104
331,156,1,0,1,25.0,103.51390064787002
332,3,0,0,0,37.0,31.43862597700292
333,12,0,0,0,35.0,29.636258599403636
334,37,1,0,1,18.0,37.27722410757759
335,72,0,0,0,34.0,77.01969683110765
336,10,0,0,0,40.0,41.887244811776
337,9,1,0,0,18.0,25.767382906824018
338,47,1,0,0,18.0,47.338474796346496
339,19,0,0,0,34.0,49.59671241356002
340,6,1,0,0,57.0,41.3631128772448
341,13,1,0,0,55.0,22.971635002044533
342,16,1,1,1,59.0,46.32908953949871
343,31,1,1,0,23.0,62.52114228113303
344,8,0,0,1,43.0,26.743983446410635
345,48,1,0,0,27.0,56.08894418405609
346,179,1,0,0,45.0,136.80382638476743
347,7,0,1,1,34.0,46.32609176145922
348,21,1,0,1,18.0,69.72200231559145
349,15,0,0,0,43.0,55.389607897187965
350,10,1,0,1,18.0,26.487485216099614
351,4,1,1,1,68.0,29.44704520441664
352,23,0,0,0,73.0,86.19022309351996
353,4,0,1,0,26.0,49.08565523437791
354,14,0,1,0,34.0,35.16045065028596
355,21,0,0,1,36.0,64.92805468704657
356,21,1,0,0,40.0,45.9853755071918
357,21,0,0,0,43.0,60.997845766406954
358,118,1,1,0,18.0,109.65976984508264
359,25,1,0,0,21.0,41.22603259712608
360,5,0,0,0,47.0,45.300501270768564
361,2,0,0,0,41.0,26.860546589639075
362,22,1,0,0,26.0,27.455930758072967
363,29,0,1,0,18.0,76.16312845765266
364,32,1,0,1,40.0,53.70437867089551
365,17,0,0,1,29.0,38.73220285405143
366,22,1,0,0,49.0,44.240613121737695
367,72,0,0,0,50.0,92.38145067404336
368,2,0,0,0,45.0,25.966475839039703
369,25,0,0,0,39.0,63.474000632617575
370,27,0,0,0,39.0,93.53221875514252
371,63,0,0,0,47.0,120.99332990239796
372,13,0,0,0,25.0,53.924890374461526
373,39,1,0,0,18.0,79.3502195729476
374,21,0,0,0,43.0,48.77099448826192
375,21,0,0,0,39.0,55.221483044193086
376,21,1,0,1,39.0,18.921027371450823
377,36,1,0,1,33.0,37.59687909381634
378,3102,1,0,1,18.0,169.4290123501672
379,7,0,0,0,76.0,57.07730594260531
380,0,0,1,0,73.0,28.457825041441826
381,19,0,0,0,28.0,54.10870595741926
382,39,1,0,0,47.0,66.6109596773286
383,25,0,1,0,36.0,64.35586833791969
384,80,0,0,0,39.0,98.33762572303141
385,34,0,0,1,40.0,68.04568491324855
386,20,1,0,0,50.0,33.00215326857157
387,12,0,0,0,26.0,36.781016158422624
388,36,0,1,0,45.0,117.4169453545514
389,16,0,0,0,45.0,68.84398110227808
390,6,0,1,0,18.0,65.2868004013211
391,3,1,1,0,56.0,39.12343530902114
392,38,0,0,0,44.0,75.57034250918797
393,8,0,0,0,27.0,27.985661804988375
394,33,0,0,1,36.0,63.76985466388853
395,16,1,0,1,42.0,16.507264887651136
396,17,0,0,1,31.0,46.2225164324502
397,28,1,1,0,42.0,71.84697232264766
398,49,0,0,0,18.0,71.80855025304268
399,47,0,1,0,38.0,93.99444971007124
400,36,1,0,1,51.0,95.57475154031327
401,9,1,0,0,46.0,42.05785185060342
402,7,0,1,1,38.0,32.268712765923674
403,36,1,0,0,24.0,62.83275160538918
404,15,0,0,0,36.0,50.81183900486276
405,18,1,0,0,18.0,40.188394434681975
406,27,0,0,0,37.0,62.237229757824075
407,210,0,0,0,33.0,111.93793244102181
408,129,0,0,0,42.0,101.05865238289195
409,23,0,0,0,54.0,65.49799195958055
410,14,0,0,1,47.0,56.418450485954516
411,48,0,0,1,23.0,63.27148469010787
412,47,1,0,0,21.0,43.03132166085219
413,21,1,1,1,23.0,36.8559556178462
414,36,1,0,0,23.0,51.85050291868165
415,57,0,0,1,20.0,61.07656661811267
416,18,1,0,0,63.0,45.16932381080156
417,8,0,0,0,53.0,56.60483841403823
418,14,1,0,0,27.0,24.54478882177898
419,20,0,1,0,36.0,72.86559278425895
420,2,0,1,0,70.0,54.1582787874162
421,27,0,1,0,18.0,75.1634053215674
422,11,0,0,0,41.0,82.95431148149082
423,6,0,0,0,63.0,39.747461671226354
424,22,0,0,0,37.0,59.54286851767403
425,7,0,0,0,27.0,33.37193706054635
426,11,0,1,0,53.0,65.30072203818693
427,18,1,0,0,67.0,56.07484750475835
428,2,0,1,0,32.0,17.078291149512
429,34,1,1,1,52.0,72.80308555193261
430,5,0,1,0,22.0,20.800811540944295
431,57,0,0,0,39.0,126.3881555156725
432,18,0,0,0,44.0,67.37183971496752
433,57,0,0,0,29.0,109.75689849652998
434,5,1,1,0,28.0,57.376971302530436
435,13,0,0,0,44.0,47.71963524259164
436,2,1,1,0,47.0,32.657804111131185
437,19,0,0,0,20.0,55.67793036858005
438,21,1,0,0,26.0,55.23637741314697
439,30,0,1,1,41.0,85.54674169386287
440,17,0,0,0,18.0,41.64635982094619
441,7,0,0,0,21.0,34.733988852290935
442,34,0,0,0,40.0,98.54284057907996
443,11,0,0,0,46.0,51.190574626223984
444,12,1,0,0,39.0,18.772554513660186
445,198,1,0,0,34.0,94.23739191584473
446,13,1,0,0,59.0,74.30506448667376
447,110,1,0,1,38.0,79.00571389296606
448,12,0,0,0,28.0,69.30842462092843
449,85,0,1,0,18.0,135.543968435959
450,3,0,0,0,42.0,27.258621966779273
451,10,0,0,0,29.0,70.21850479327453
452,5,1,1,0,30.0,13.246904982901265
453,34,1,0,0,34.0,74.0657451849042
454,70,1,0,0,23.0,53.68252442288011
455,13,1,0,1,42.0,19.818159351922493
456,22,1,0,0,33.0,53.66909404882268
457,3,0,0,0,72.0,32.548113828065944
458,13,0,0,0,26.0,29.94807491918685
459,11,0,0,0,39.0,44.12132633324885
460,1,0,1,0,26.0,22.089181918389226
461,13,1,1,0,45.0,63.005022715268
462,2,0,1,0,23.0,37.92094990660507
463,10,0,1,0,36.0,83.24280460082217
464,30,1,0,0,36.0,58.32067926491382
465,16,0,1,0,41.0,59.41551635664629
466,62,1,0,0,18.0,60.389749331194494
467,24,0,0,0,43.0,85.2908026299744
468,257,0,0,1,36.0,101.42118866082501
469,3,0,0,0,52.0,45.09519385246918
470,71,1,0,1,24.0,52.30617273302227
471,5,0,0,1,33.0,23.80931294750086
472,19,0,0,0,22.0,51.72995788040751
473,15,0,0,1,23.0,30.962765618798613
474,88,1,0,0,44.0,83.17218746355053
475,34,0,0,0,43.0,71.79283941762492
476,15,1,0,0,33.0,17.37196601160989
477,24,1,0,0,37.0,29.759136847981466
478,7,0,1,0,39.0,38.55327273906974
479,8,0,0,0,46.0,40.30113814434532
480,3,0,0,0,43.0,50.226560577659576
481,13,1,0,0,60.0,16.623665395233722
482,19,0,1,0,35.0,51.6314738166836
483,13,1,1,1,56.0,46.71609846699285
484,26,0,0,0,31.0,66.7047904208074
485,8,0,0,0,43.0,52.224814752143814
486,8,0,0,0,39.0,21.724300552804266
487,20,0,0,0,46.0,53.96551689716823
488,10,0,0,0,35.0,23.398952405427085
489,9,0,0,0,60.0,42.119127704122164
490,3,0,1,0,18.0,22.37866847884088
491,44,1,0,0,47.0,43.75924748478259
492,156,0,0,1,45.0,108.71886300714145
493,4,0,0,0,46.0,16.530919042773398
494,34,0,0,0,60.0,74.22278777600664
495,2,1,0,0,54.0,35.22355681333683
496,16,1,0,0,18.0,14.560108937499672
497,16,1,1,1,51.0,53.27036516902986
498,37,1,0,0,29.0,36.18913329583654
499,7,0,1,0,38.0,49.26964607076711
500,37,0,0,1,41.0,62.87052495208516
501,15,0,1,0,23.0,71.24514893247287
502,19,0,0,0,18.0,23.446885339749837
503,34,0,0,0,37.0,73.77120364035534
504,35,0,0,0,37.0,52.6288821991019
505,18,0,0,0,27.0,49.76714299743073
506,38,1,1,0,22.0,74.1230676854198
507,54,0,0,1,35.0,64.96186060196091
508,27,1,0,0,31.0,61.969699604397654
509,2,0,0,0,34.0,23.44897106800377
510,14,0,0,0,61.0,59.13686222568107
511,4,0,1,0,43.0,24.312119659833147
512,15,0,0,0,54.0,50.61770191388612
513,8,0,0,0,26.0,35.221383107604545
514,14,1,0,0,57.0,35.39117647705033
515,36,0,0,0,35.0,42.75803566231303
516,33,0,0,0,37.0,55.164484235479705
517,21,0,0,1,36.0,50.72428473146621
518,31,0,1,0,40.0,66.69181994716561
519,33,1,0,0,18.0,46.42203498548004
520,758,1,1,0,35.0,164.96952050057354
521,7,0,0,0,45.0,21.624654652177895
522,13,1,0,0,55.0,41.80209885992385
523,22,1,1,0,41.0,43.475216192956005
524,7,0,0,0,26.0,45.91673743269212
525,66,0,0,0,18.0,121.0307740416708
526,2,0,0,1,40.0,12.132768649034817
527,119,0,0,0,18.0,123.61124043247233
528,10,0,0,0,33.0,68.58047069376535
529,6,0,0,0,42.0,26.550605720042803
530,4,1,0,0,36.0,17.34325477007272
531,63,0,0,1,31.0,85.26842169636512
532,68,1,0,0,18.0,63.2259663998214
533,20,1,1,0,34.0,57.49163566370192
534,11,1,0,0,50.0,36.82566512734052
535,29,0,0,0,32.0,74.23895355110052
536,4,1,0,0,29.0,49.29972825464903
537,7,0,0,0,41.0,54.23557193570416
538,16,0,0,1,45.0,46.00290018821358
539,10,0,1,0,47.0,49.02458493187366
540,76,0,0,0,23.0,80.20252187234628
541,15,1,0,0,28.0,35.04470061343642
542,14,0,0,1,39.0,37.68101186270785
543,13,0,1,0,49.0,37.52097340101118
544,43,0,0,0,55.0,87.34356700537477
545,22,0,0,0,27.0,61.70679913158639
546,5,1,0,1,48.0,35.313547937297606
547,28,0,0,0,54.0,62.9424430474022
548,17,1,0,0,39.0,47.47999358787215
549,20,0,1,1,32.0,37.508684024050375
550,14,0,1,0,21.0,80.67511041903516
551,15,0,0,0,50.0,39.43271271944552
552,13,1,0,0,35.0,51.73497037541075
553,31,0,0,0,55.0,81.00648189430872
554,12,0,0,0,60.0,63.184814176896964
555,5,0,0,0,18.0,37.38124248908582
556,10,0,0,0,28.0,29.432705373742948
557,11,1,0,0,34.0,52.54380820891446
558,12,1,0,0,20.0,10.772822074088733
559,81,0,0,0,24.0,92.03472382056948
560,284,0,0,0,56.0,164.86276882958236
561,19,0,0,0,26.0,52.049726205556325
562,13,1,1,0,39.0,63.44490439927693
563,20,0,0,0,18.0,59.741816105279014
564,71,1,0,0,26.0,89.54966256002155
565,77,1,0,0,24.0,84.95674546056804
566,3,0,0,0,24.0,43.09610004859543
567,245,1,0,0,33.0,120.95222892109345
568,7,0,0,0,33.0,25.4795814158229
569,44,0,0,0,18.0,86.94962326236114
570,8,0,0,0,28.0,69.7783467879627
571,49,1,0,1,46.0,53.4346045961396
572,44,1,0,0,20.0,43.104486775035
573,10,0,0,0,64.0,48.643578818564826
574,20,1,0,0,53.0,52.926591760391695
575,15,0,0,0,28.0,31.76734387012492
576,52,0,0,0,18.0,104.04409703217158
577,334,0,0,0,18.0,123.56323599583125
578,51,1,0,0,24.0,60.11270738558785
579,17,0,0,1,25.0,42.78203472470446
580,9,1,0,0,22.0,64.54353274066388
581,32,0,0,0,60.0,76.18210125982442
582,35,1,0,0,49.0,49.961859955117006
583,14,0,0,1,48.0,33.31767406025369
584,11,1,0,0,25.0,23.609667848484467
585,14,0,0,1,47.0,50.3689526223815
586,150,1,0,0,35.0,88.13191007310758
587,8,0,1,0,37.0,73.96223509907023
588,2,0,0,0,42.0,25.50490008464877
589,69,1,0,1,75.0,51.68600594964858
590,71,0,0,0,18.0,93.96762877848599
591,15,1,0,0,33.0,40.53709715198486
592,19,1,0,0,18.0,60.465281711942396
593,7,0,1,0,44.0,49.62988442069993
594,6,0,0,0,38.0,22.30439059566337
595,31,0,0,1,65.0,72.29703480586598
596,3,0,1,0,43.0,48.41286737333702
597,15,0,0,0,18.0,46.09355122813144
598,16,0,0,1,18.0,36.415403451779234
599,3,0,0,0,60.0,44.56851355890351
600,11,1,0,0,18.0,65.75381765990542
601,14,1,0,0,49.0,56.303448412981666
602,19,0,0,0,22.0,47.467730150503954
603,3,0,1,0,32.0,40.64623067574661
604,5,0,0,0,35.0,25.471036376973174
605,11,1,0,0,18.0,29.485427283102936
606,37,1,1,0,24.0,63.37970102739368
607,26,0,0,1,34.0,56.34423722525946
608,26,0,0,0,59.0,82.74143161905927
609,12,1,0,0,44.0,42.17069874490335
610,15,0,1,1,24.0,56.88812951992963
611,89,1,0,0,35.0,38.47751579167673
612,20,1,0,0,24.0,22.793291139020965
613,26,0,0,0,37.0,74.6948873498854
614,2,0,1,0,20.0,26.86558067278559
615,54,1,0,0,30.0,69.0530962804495
616,7,0,0,1,60.0,37.30247471288054
617,52,0,0,0,18.0,78.51508306271425
618,30,0,0,0,46.0,52.955260904427206
619,12,0,1,0,31.0,62.747274064349455
620,601,0,0,0,45.0,153.2011700380366
621,16,1,0,0,33.0,28.29802399311307
622,6,0,0,0,34.0,34.727638906826165
623,48,0,0,0,35.0,106.89427395224155
624,11,1,0,1,55.0,23.04659440902147
625,26,0,0,0,50.0,94.04219361348214
626,20,0,1,0,38.0,91.36839486835184
627,22,1,1,1,55.0,28.24196196345818
628,35,0,0,0,52.0,61.33924123885054
629,22,0,0,0,51.0,58.167441259938514
630,4,0,1,0,52.0,62.16101116570811
631,123,1,1,0,18.0,118.58251475160458
632,45,1,0,1,59.0,79.03169966531293
633,29,0,0,1,19.0,78.74052570473215
634,8,1,0,1,33.0,27.948983334116086
635,14,0,0,0,45.0,51.28732924896203
636,12,1,0,0,18.0,37.24858291256517
637,84,0,0,1,36.0,70.12386652330605
638,25,0,0,1,50.0,59.66470292491746
639,18,0,0,0,38.0,64.1328126515326
640,83,0,0,0,46.0,115.05609958269949
641,45,1,0,1,28.0,56.147791900956534
642,3,0,0,0,18.0,42.79531438430826
643,11,0,0,0,37.0,17.34222269797441
644,192,0,0,0,18.0,110.47069516285616
645,1,0,0,0,31.0,45.70455804538248
646,6,0,0,0,23.0,20.381291281609847
647,3,0,0,0,38.0,31.376729061472368
648,10,0,0,1,23.0,60.094403949832504
649,5,0,0,0,29.0,59.12722312876498
650,15,0,0,0,67.0,64.4819707750159
651,9,0,0,0,35.0,29.896537236536204
652,14,1,0,0,32.0,37.83932152273483
653,12,0,0,0,53.0,107.36607205476813
654,64,1,0,0,42.0,89.10856969950083
655,3,0,0,0,55.0,25.21987641225395
656,4,0,0,1,41.0,12.928934423363012
657,4,0,0,0,40.0,33.9540784979994
658,5,1,0,0,32.0,38.10648251393977
659,6,0,0,0,55.0,42.11090463924885
660,38,0,0,0,40.0,75.00592064057032
661,32,1,0,1,35.0,53.98098610077278
662,8,0,0,0,64.0,43.26378871323524
663,47,0,0,0,18.0,79.3397500716505
664,16,0,0,0,26.0,45.28219590063314
665,139,1,0,1,47.0,71.79869018332668
666,34,1,0,0,24.0,85.63502697824764
667,13,0,0,0,25.0,61.091370687817744
668,8,1,0,0,44.0,17.858135743473312
669,78,0,0,0,36.0,102.80548235375635
670,102,1,0,0,45.0,78.07073112176782
671,11,0,0,0,26.0,30.807925805019924
672,6,0,0,0,35.0,8.120689769044898
673,53,1,0,0,28.0,63.95549500763689
674,37,1,0,0,21.0,59.995418420848665
675,138,1,0,0,21.0,104.36848933278492
676,7,0,0,0,46.0,63.17160562528346
677,7,0,0,0,18.0,25.722777578398993
678,104,1,0,0,30.0,98.30469868867826
679,469,1,0,0,20.0,138.25061014297438
680,32,1,0,0,39.0,43.644017666367475
681,5,0,0,0,31.0,40.373479909534076
682,12,1,0,0,44.0,25.557481898681814
683,50,1,1,0,41.0,91.06369452515098
684,8,0,0,0,18.0,53.52842126558373
685,5,1,0,0,42.0,25.303656328539876
686,65,1,0,0,30.0,52.11030168513929
687,6,0,0,0,35.0,64.04878299402128
688,17,0,0,0,31.0,34.36096536066666
689,30,1,0,0,42.0,73.54513572794787
690,9,0,0,0,67.0,42.77107574469603
691,198,1,0,0,33.0,104.11010763393337
692,9,1,0,1,67.0,38.42935287248439
693,11,0,0,0,26.0,50.670870346299566
694,35,0,0,0,30.0,69.27776909049406
695,28,0,0,1,52.0,53.790131726684606
696,34,0,0,0,37.0,72.09085062395752
697,59,1,0,0,45.0,96.30112856886814
698,2,0,0,1,40.0,58.44835275749285
699,43,0,0,0,58.0,86.61722992845095
700,44,0,0,0,18.0,73.21330524810114
701,24,0,0,0,21.0,82.59547541965271
702,29,0,0,1,41.0,63.435872662905126
703,13,0,0,0,74.0,30.538801990273427
704,8,0,1,0,26.0,58.90797483239038
705,97,0,0,0,43.0,99.4616619730173
706,22,1,1,1,61.0,49.46764444950401
707,10,0,0,0,49.0,60.84700610996582
708,17,0,0,1,67.0,40.30860232321004
709,10,1,1,0,18.0,32.4471349036883
710,0,0,0,0,20.0,9.51574144424713
711,112,0,0,0,18.0,123.08491697032211
712,10,0,0,0,28.0,41.27730861878335
713,11,0,0,0,39.0,30.243360157749624
714,8,1,1,0,23.0,75.18758506142763
715,10,0,0,0,39.0,50.507210831369875
716,46,1,0,0,39.0,35.16277697842522
717,21,0,0,0,25.0,66.98727322592022
718,585,1,0,0,42.0,134.99473153003876
719,9,0,0,0,26.0,23.719092797592197
720,6,0,1,0,24.0,41.148479408836415
721,265,1,0,1,50.0,130.4070322493401
722,118,0,0,0,62.0,147.61385604680638
723,8,1,0,0,48.0,45.42440142870102
724,51,0,0,1,28.0,67.26014846640213
725,7,0,0,1,43.0,19.95363504636594
726,19,1,0,0,49.0,69.53972192499889
727,42,0,0,0,42.0,87.05569461163917
728,49,0,0,1,32.0,72.17505753726316
729,10,1,0,0,18.0,13.404365648931858
730,68,0,1,0,45.0,98.13481653609027
731,16,0,0,1,35.0,39.04238460800764
732,21,1,0,0,36.0,41.98612575607052
733,10,0,0,0,26.0,32.257215469271436
734,6,1,0,0,18.0,28.843838010702218
735,11,0,0,1,33.0,63.917496545492085
736,186,1,0,0,51.0,141.8977578551192
737,6,0,1,0,45.0,43.72694381152546
738,34,1,0,0,27.0,60.42270982891746
739,8,0,0,0,36.0,55.73245402796994
740,22,1,0,0,30.0,42.71368046259006
741,21,0,0,1,18.0,33.1116226100087
742,21,0,0,1,37.0,39.786198758913976
743,18,1,0,0,56.0,41.98682814938212
744,3,0,0,0,62.0,36.090452043283115
745,50,1,0,0,32.0,54.6360356310209
746,29,1,0,0,43.0,42.58310469183739
747,0,0,1,0,18.0,16.080182284979166
748,39,0,1,0,18.0,119.39773562243752
749,11,1,0,0,41.0,38.50685403633221
750,48,0,0,0,42.0,108.89701798885784
751,26,0,0,0,18.0,39.143206342598305
752,76,1,0,0,23.0,75.04544690820921
753,53,1,0,1,24.0,72.76516315109299
754,19,0,0,0,45.0,70.12827088859318
755,57,1,0,0,31.0,40.186393680863105
756,19,0,0,0,36.0,48.251241242990545
757,11,1,0,0,50.0,55.61404374684809
758,10,0,1,0,42.0,57.157860746457224
759,13,0,0,0,21.0,50.71218453010221
760,23,0,1,0,36.0,33.13995429924267
761,32,1,0,0,20.0,74.88615130024036
762,72,0,0,1,37.0,86.68914201979952
763,14,0,0,0,51.0,48.489374620452246
764,16,0,0,0,47.0,52.094528587031846
765,9,0,0,0,45.0,31.866829451962097
766,7,1,0,0,42.0,46.244297720868154
767,7,0,0,0,48.0,58.73519629283748
768,16,1,0,0,39.0,40.89296630799929
769,13,0,0,0,46.0,41.426931938651855
770,113,1,0,0,37.0,103.7576127908687
771,39,1,0,1,42.0,61.786654665738865
772,8,1,1,0,39.0,17.107258411769404
773,235,0,0,0,49.0,154.04303252636618
774,36,0,0,0,50.0,91.7421464035107
775,1,0,0,0,28.0,16.566779923958144
776,23,0,0,0,21.0,38.76669844560969
777,47,0,0,0,32.0,72.24845848469381
778,11,0,1,0,62.0,64.37955897094488
779,9,0,1,1,45.0,50.40478807745585
780,25,0,0,0,18.0,49.02966622762383
781,19,1,1,0,45.0,65.8273160538172
782,19,0,0,1,22.0,33.45988649713851
783,16,1,0,0,36.0,32.0691465974059
784,9,0,1,0,18.0,66.92256113201496
785,2,0,1,0,18.0,28.596996170228
786,41,1,1,0,59.0,89.32917280590831
787,10,0,0,0,49.0,56.18211545591406
788,1,0,0,0,57.0,36.37402514097633
789,6,1,1,0,44.0,40.77159895242277
790,11,0,0,0,18.0,31.711943172307798
791,43,0,0,0,64.0,91.365106701613
792,195,0,1,0,18.0,138.79155034759168
793,9,1,0,0,33.0,30.997169267636085
794,14,0,1,1,26.0,34.424981136142996
795,67,1,0,0,25.0,84.80305592129834
796,24,0,0,0,18.0,74.32000368788398
797,16,0,0,1,18.0,24.99771277648875
798,62,0,0,1,29.0,82.05007911444862
799,45,1,0,1,55.0,42.71660168877146
800,12,1,0,0,22.0,46.022224297889885
801,8,0,0,1,42.0,25.671400967972442
802,22,0,1,0,43.0,66.14601321056954
803,5,1,0,0,48.0,41.0358683461577
804,7,0,0,1,27.0,29.67116325956323
805,193,1,0,0,52.0,112.55295084776174
806,2,0,1,0,19.0,54.365921532348686
807,17,0,0,0,44.0,76.2563329396091
808,38,1,0,0,25.0,73.57570114125424
809,6,0,0,0,24.0,33.45815631071302
810,26,0,0,0,27.0,55.005412001460314
811,1,0,1,0,18.0,37.41511523874373
812,33,1,0,1,22.0,59.71535500112085
813,165,0,0,1,40.0,92.07668927830514
814,6,1,0,1,45.0,14.512926011873487
815,8,0,0,0,33.0,53.24195819636216
816,48,0,1,0,49.0,123.18383436319431
817,26,0,0,0,18.0,53.07831780449027
818,42,1,0,0,34.0,53.828969245095294
819,28,1,0,1,45.0,66.25358384323931
820,10,1,0,0,47.0,21.961975394879723
821,4,0,0,0,35.0,52.01944699239244
822,0,1,0,0,66.0,9.073544843418894
823,26,0,0,0,38.0,70.77602805667688
824,7,0,0,0,19.0,40.3737246227938
825,19,0,0,0,39.0,76.47338260401594
826,5,0,0,0,18.0,34.82952353739673
827,8,0,0,0,49.0,50.64532065091817
828,139,0,0,0,30.0,155.5240395334775
829,39,1,0,1,29.0,64.1273214092306
830,7,0,1,1,39.0,28.34843980555624
831,118,0,0,1,33.0,86.08848498953841
832,4,0,0,0,18.0,30.743273175504136
833,18,0,0,0,18.0,48.39166194430034
834,11,0,0,0,30.0,39.84984982214157
835,183,1,1,1,38.0,124.5213712225935
836,10,0,0,0,43.0,68.33842930636172
837,10,0,0,0,31.0,64.5807479438047
838,8,0,0,1,23.0,37.82404290934094
839,6,0,1,0,36.0,61.106982111691195
840,38,0,0,0,23.0,93.83563035813218
841,6,0,0,0,35.0,16.147245880063654
842,11,0,1,0,18.0,59.34404544432994
843,29,1,0,1,30.0,27.364006578397866
844,44,1,1,0,18.0,69.38660542233195
845,7,0,0,1,61.0,31.971666480247652
846,16,0,0,0,28.0,42.28801648915456
847,13,0,0,0,49.0,34.655677776765515
848,69,0,1,0,28.0,87.98564490418119
849,56,0,0,1,35.0,94.32583012762643
850,16,1,0,0,36.0,51.020543784674516
851,61,1,0,0,24.0,68.08013770207788
852,16,0,0,0,28.0,31.145075827215393
853,3,0,1,0,30.0,35.37927343983345
854,29,0,0,0,44.0,66.82213316834775
855,12,1,0,0,24.0,28.0987238694085
856,21,1,0,0,40.0,39.81789756468632
857,8,0,0,1,44.0,21.626965998796962
858,31,0,0,0,25.0,69.27446068605693
859,55,0,0,0,36.0,110.03066609154179
860,6,0,1,0,43.0,77.57664433357814
861,5,0,0,1,43.0,56.83437380291013
862,3,0,0,0,39.0,33.42107789660944
863,20,0,1,1,57.0,63.07369885858908
864,19,1,0,0,22.0,32.19558295648607
865,49,1,0,0,63.0,74.72972749565162
866,36,0,0,0,21.0,54.408584929914674
867,220,1,0,0,26.0,116.65128796890214
868,27,0,0,0,44.0,79.62492027595688
869,6,1,0,1,67.0,15.474180649505575
870,9,0,0,0,22.0,34.01414940771886
871,27,0,0,0,18.0,49.4818707268923
872,7,0,0,0,35.0,16.70683048411605
873,6,0,0,0,28.0,37.51767825370704
874,9,0,0,0,63.0,59.15773754208446
875,78,0,0,0,41.0,90.94380631791326
876,192,0,0,1,25.0,95.12310881117648
877,37,0,0,1,47.0,71.63142734473581
878,46,1,0,0,45.0,74.37303092319021
879,10,1,0,1,18.0,34.77632270705446
880,72,0,0,1,74.0,77.91016971992963
881,10,0,1,0,43.0,55.85463655607077
882,8,1,0,0,35.0,17.854924284337386
883,18,0,0,0,33.0,63.57086539873816
884,15,1,0,0,62.0,29.495988776016244
885,51,0,0,0,40.0,74.4330500547227
886,26,0,0,0,38.0,84.07409144238778
887,14,0,1,0,18.0,53.87599465437063
888,124,0,0,1,26.0,106.42790447322356
889,55,0,0,0,18.0,66.14182261749356
890,2,0,0,0,38.0,36.7019082316894
891,40,0,0,1,42.0,56.88210762990487
892,41,0,0,0,18.0,90.49465429932947
893,78,0,0,1,33.0,87.17654220719352
894,23,1,0,1,18.0,50.66650518638335
895,19,0,0,0,42.0,70.73639238694352
896,10,1,0,0,41.0,23.509620015371002
897,8,0,0,0,19.0,33.59812044164853
898,40,1,0,0,35.0,53.79378939595
899,23,0,0,1,39.0,51.71822804289839
900,10,0,1,1,38.0,60.53569640792545
901,14,1,0,0,64.0,47.66380510102214
902,22,0,0,0,40.0,45.63116070545451
903,17,1,1,1,18.0,69.45133148637395
904,4,0,0,0,36.0,49.872994692217546
905,17,0,0,0,37.0,38.56929213251378
906,10,1,1,0,34.0,60.57664149006302
907,15,0,1,0,32.0,112.83656291730003
908,26,0,0,0,49.0,44.16396998312035
909,17,0,0,0,62.0,56.428556934020385
910,17,0,0,1,56.0,86.93716751174884
911,11,0,1,0,25.0,51.875609538799864
912,20,0,0,0,26.0,90.44575294252316
913,13,1,0,0,44.0,60.474881946701856
914,56,1,0,0,39.0,82.48719808851764
915,7,0,0,0,64.0,20.777584895536975
916,1196,1,0,0,43.0,167.73091270028522
917,60,1,0,0,23.0,97.98533805700806
918,69,0,0,0,18.0,104.1798975515546
919,6,0,0,0,38.0,51.077581706699654
920,8,0,0,0,60.0,25.273781499576348
921,31,0,0,0,24.0,44.00342687431798
922,7,0,0,0,35.0,69.90682018372009
923,11,1,0,0,37.0,25.487176509172194
924,9,0,0,0,26.0,31.143263709110634
925,1,0,1,0,50.0,26.617570613645704
926,31,1,0,0,53.0,45.03875802018761
927,18,0,0,0,36.0,85.43948457432677
928,13,0,0,1,18.0,36.65052572933641
929,123,0,0,1,28.0,86.96296975859906
930,4,0,1,0,34.0,31.988285233683573
931,24,0,0,0,36.0,59.82879136132268
932,13,0,0,0,35.0,42.80422096451633
933,69,0,0,0,37.0,106.88446570061036
934,0,0,0,0,25.0,13.942524449417347
935,14,1,0,0,34.0,38.96986289227857
936,27,0,0,0,46.0,54.45273265411484
937,19,1,1,1,26.0,44.602201497819365
938,6,0,0,0,43.0,45.73617686182886
939,10,1,1,0,43.0,56.05572151189362
940,53,0,0,0,49.0,90.85758990305904
941,7,0,0,1,31.0,56.114893582046214
942,8,0,0,0,18.0,25.277128216528844
943,25,1,1,0,42.0,87.99360468173792
944,1,0,0,0,59.0,16.981758343811915
945,49,1,0,0,57.0,48.11141485401919
946,52,0,0,0,48.0,72.5417910615202
947,62,0,0,1,59.0,83.96845574048318
948,58,0,0,0,30.0,77.77711189444993
949,12,0,0,0,48.0,60.65426200608124
950,61,0,0,0,27.0,72.563224473524
951,41,1,1,1,28.0,78.64272079444868
952,8,0,0,0,41.0,35.20169873365256
953,280,0,0,0,31.0,150.73070143507047
954,11,0,0,0,22.0,70.99150468628255
955,1,0,0,0,46.0,13.502724281150511
956,86,1,0,0,38.0,84.8277599912088
957,6,0,1,0,55.0,46.502497236945864
958,8,0,1,0,18.0,62.154137646089914
959,69,0,0,1,29.0,86.84166910139433
960,78,1,0,1,28.0,51.73171983104318
961,224,1,0,0,32.0,134.68055033168176
962,253,1,0,0,45.0,113.25900115801508
963,84,1,0,0,19.0,99.95561989148118
964,23,0,0,0,50.0,46.94041419504069
965,176,0,0,0,28.0,103.3482961343764
966,17,0,0,0,51.0,48.14493763440628
967,0,0,1,0,56.0,42.564377685395065
968,9,1,1,0,61.0,39.6718878163772
969,6,0,0,0,21.0,22.31996629424693
970,8,0,0,0,30.0,35.69358933064225
971,322,1,0,0,45.0,138.56763356521796
972,29,0,0,1,48.0,54.7422589740592
973,40,1,0,0,29.0,65.37039213491099
974,26,0,0,0,46.0,59.40307203272025
975,35,0,0,0,36.0,66.19728812450619
976,41,0,0,0,27.0,70.67882764455861
977,10,0,0,0,27.0,26.668135704247153
978,33,0,0,0,52.0,37.70152839441746
979,13,1,0,0,34.0,39.68700032103562
980,15,0,0,1,30.0,20.039608004250013
981,30,0,0,1,61.0,74.5156206811167
982,15,1,0,0,38.0,49.394572822754846
983,94,0,0,0,18.0,117.48825032821574
984,1,0,0,0,36.0,25.567908369465194
985,29,0,0,0,32.0,53.69506691965281
986,43,0,0,1,30.0,67.03218363603514
987,20,0,0,0,39.0,61.980158107130464
988,10,1,0,0,18.0,27.922458783138673
989,117,1,0,0,38.0,66.89507217986456
990,226,1,0,0,21.0,129.25600870708675
991,14,0,0,1,42.0,30.90740299929608
992,10,0,0,0,43.0,23.27276809295984
993,16,0,0,0,18.0,37.3109829397775
994,4,0,1,1,42.0,44.9380486280034
995,50,1,0,0,44.0,79.45917726742235
996,4,0,0,0,38.0,45.98448398729528
997,26,1,0,0,24.0,37.330899160355266
998,53,0,0,0,52.0,118.44813688076857
999,26,1,0,0,47.0,45.47540888300779
1000,10,0,1,0,22.0,23.224656405937957
1001,5,1,0,0,37.0,26.13932421731438
1002,14,1,0,0,55.0,30.49272252684057
1003,24,1,0,0,51.0,75.8117482348007
1004,30,0,0,1,50.0,52.553284780915895
1005,20,0,0,0,33.0,46.227381197608906
1006,51,0,0,0,52.0,105.64458373366064
1007,6,0,0,1,57.0,32.72367446304999
1008,5,0,0,0,64.0,14.167627119127486
1009,151,1,0,0,45.0,95.5250746684551
1010,7,1,0,0,41.0,23.228134181591592
1011,13,0,0,0,43.0,52.80590191957041
1012,12,1,1,0,34.0,51.42717966078333
1013,9,0,0,0,35.0,32.91051643737377
1014,30,0,0,0,35.0,83.65803019758889
1015,26,0,0,0,28.0,42.36214493566758
1016,8,0,0,0,35.0,16.731618330890157
1017,28,0,0,1,33.0,57.712980965658126
1018,15,0,0,1,41.0,43.47518078313753
1019,1,0,0,0,33.0,26.14598119599108
1020,2,0,0,0,40.0,31.0607900997178
1021,16,0,0,0,41.0,63.246685732619945
1022,5,0,1,0,39.0,34.90709095117794
1023,20,1,0,0,68.0,54.12348742924075
1024,28,0,0,0,49.0,94.36614063697284
1025,30,0,1,0,18.0,68.49344966200965
1026,17,1,0,0,18.0,21.764600810716576
1027,64,1,0,0,48.0,79.50713892944405
1028,17,1,0,0,50.0,40.19454264518055
1029,8,1,0,0,31.0,51.677778729143604
1030,6,0,0,1,38.0,38.0135389768964
1031,2,0,0,0,34.0,37.65968999133992
1032,252,0,0,0,33.0,153.06868464059167
1033,3,0,0,0,46.0,17.289520834921273
1034,10,1,1,1,21.0,36.73122634663784
1035,20,0,1,0,25.0,43.38823898374057
1036,7,0,1,0,45.0,44.44981738320454
1037,14,0,0,0,25.0,44.51586113779745
1038,202,1,0,0,35.0,136.89638761030332
1039,7,1,0,0,40.0,21.719276650932652
1040,24,0,0,0,18.0,53.981082848470045
1041,20,0,1,0,45.0,81.65234454363646
1042,12,0,0,0,35.0,62.55137450213787
1043,10,1,0,0,62.0,70.42706009287485
1044,14,1,0,0,70.0,59.84036709526588
1045,36,0,1,1,18.0,83.34987037774268
1046,26,1,0,0,35.0,54.497024114135534
1047,22,0,0,0,29.0,82.61345514295976
1048,16,1,0,0,33.0,58.23428110532683
1049,13,0,0,1,20.0,40.33017435173467
1050,78,0,1,0,19.0,108.8873875086737
1051,109,1,0,0,18.0,101.02836666989455
1052,39,1,0,0,25.0,70.75076218316195
1053,9,0,0,0,42.0,51.56156624554057
1054,13,1,0,0,41.0,46.511061278226
1055,125,1,0,0,73.0,102.71137998839893
1056,25,0,0,0,55.0,68.74662903892226
1057,41,1,0,0,20.0,55.541902978650214
1058,86,0,1,0,33.0,142.31477650218568
1059,10,0,0,0,55.0,21.874576430550373
1060,37,1,1,1,45.0,81.06164859152828
1061,6,0,0,0,38.0,26.482587491562228
1062,5,0,0,0,20.0,9.952197864743164
1063,57,1,0,1,33.0,79.52243818272524
1064,13,0,1,0,18.0,32.7202867320464
1065,10,0,0,1,55.0,34.19142821599182
1066,7,0,0,1,45.0,52.87023638465876
1067,10,0,0,0,44.0,63.62841125477562
1068,42,1,0,0,32.0,59.10346138845726
1069,11,0,0,0,18.0,33.40982694799112
1070,8,0,0,0,34.0,63.41639702739284
1071,14,1,0,0,45.0,44.240011550575126
1072,217,0,0,0,57.0,186.82489882466353
1073,363,1,1,0,29.0,161.29404326435275
1074,110,1,0,1,18.0,67.03412536768259
1075,14,0,0,0,43.0,51.004480738820085
1076,20,0,0,0,49.0,66.87812394971861
1077,155,0,0,0,34.0,116.14207498537101
1078,10,0,0,0,44.0,39.11164073100082
1079,29,1,0,0,61.0,50.83207074556166
1080,2271,0,0,1,30.0,201.99482191781087
1081,11,1,0,0,44.0,43.424257597571746
1082,8,0,0,0,42.0,24.56823752598381
1083,4,0,0,0,45.0,24.247958785741808
1084,12,0,0,1,38.0,49.07438042832154
1085,57,0,1,1,50.0,74.92809680608121
1086,14,0,1,0,34.0,103.00712949222917
1087,22,0,0,0,18.0,54.76678196597595
1088,0,0,0,0,39.0,14.193259576963824
1089,22,1,0,0,40.0,61.02264734944103
1090,10,0,0,0,34.0,39.17264261379707
1091,3,1,0,0,30.0,19.864322534312063
1092,30,0,0,0,39.0,88.83813972937757
1093,10,0,0,0,18.0,31.846844857775796
1094,14,0,1,1,54.0,72.17371420351058
1095,85,0,0,0,31.0,87.49641404814199
1096,35,0,0,1,31.0,45.813211277358455
1097,50,1,0,0,30.0,70.25489717371477
1098,42,1,0,0,18.0,71.36850313584357
1099,7,0,0,1,40.0,34.82927745874155
1100,4,0,0,0,38.0,29.307195221318594
1101,26,1,0,0,49.0,72.79458300569706
1102,1,0,0,0,37.0,36.12406863626787
1103,12,0,0,0,38.0,62.864064714442755
1104,3,1,0,0,62.0,24.114379134163556
1105,94,0,0,0,31.0,109.21474706970209
1106,53,1,1,1,37.0,66.43077869468536
1107,92,0,0,0,27.0,101.21915709442833
1108,16,1,0,0,30.0,64.96126016236795
1109,66,1,0,1,34.0,52.69502344994974
1110,26,0,0,0,18.0,58.95101348573852
1111,13,0,0,0,32.0,59.84523724278074
1112,31,1,0,0,42.0,32.99404305314037
1113,59,0,0,0,51.0,114.86036122218204
1114,6,0,0,0,43.0,45.292523446698624
1115,7,0,0,0,63.0,23.859983706721344
1116,5,0,0,0,45.0,38.00949633346029
1117,12,0,0,0,27.0,47.150083058991264
1118,49,1,0,0,33.0,63.8751610819338
1119,13,0,0,0,49.0,57.218653072434336
1120,31,0,0,0,60.0,69.1580635380112
1121,8,0,0,0,52.0,28.44121755099903
1122,66,1,1,0,44.0,113.20023922823371
1123,8,0,0,1,57.0,25.18698755203448
1124,0,0,1,0,42.0,16.807646496381498
1125,31,1,0,0,41.0,47.534091624267504
1126,36,0,0,0,49.0,102.35670352246977
1127,3,0,1,0,37.0,27.197297370082705
1128,0,0,0,0,30.0,8.675617863719514
1129,27,0,0,0,18.0,62.85055651747123
1130,16,0,0,1,24.0,49.641996049596735
1131,11,0,0,0,39.0,62.167780533251616
1132,40,0,0,0,33.0,51.69839927719289
1133,13,0,0,0,60.0,66.14576983226826
1134,48,1,0,0,23.0,57.60887931391928
1135,40,0,0,0,18.0,72.43086782289951
1136,12,1,1,0,18.0,27.60672270615493
1137,12,1,0,0,26.0,45.68909803184234
1138,21,1,0,0,21.0,34.03608598546941
1139,5,1,0,0,28.0,36.98042990541843
1140,7,0,1,0,38.0,60.30219447261143
1141,19,0,1,0,31.0,83.48653021537211
1142,7,0,1,0,29.0,59.607780502240956
1143,119,1,0,1,38.0,83.02552077666043
1144,2,0,0,0,29.0,18.22094214761476
1145,12,1,1,0,45.0,49.88076557469105
1146,36,1,0,0,36.0,54.65158360842006
1147,15,1,0,1,32.0,25.192646095988678
1148,7,0,0,0,42.0,34.135548541788076
1149,14,0,0,0,23.0,40.11136429028527
1150,46,1,0,0,28.0,58.79690256783593
1151,44,1,0,0,21.0,59.21018401503268
1152,221,1,0,0,30.0,92.2174809497962
1153,5,0,1,0,26.0,82.90378160941303
1154,16,0,0,1,34.0,29.24862765103908
1155,23,0,0,0,20.0,40.34832248347691
1156,37,0,0,0,19.0,54.56766554277881
1157,42,1,0,0,58.0,61.92980095094456
1158,4,0,0,0,66.0,21.847631003847457
1159,89,1,0,1,57.0,67.00583067409973
1160,9,0,0,0,37.0,47.97774576272633
1161,51,0,0,0,18.0,81.89039349580804
1162,5,0,0,0,48.0,13.569011554336742
1163,80,0,0,0,34.0,125.07214421693173
1164,105,0,1,0,29.0,116.798362682088
1165,18,1,0,0,42.0,63.30417303216418
1166,0,0,1,0,43.0,20.96972486818041
1167,69,1,0,1,57.0,71.73527908527718
1168,17,0,1,0,64.0,80.88012258078226
1169,41,0,0,0,40.0,87.46463114792824
1170,1,0,0,0,26.0,29.650827240456806
1171,18,0,0,0,38.0,57.79177077205834
1172,14,0,0,1,18.0,33.36529434371768
1173,10,0,0,0,30.0,31.350984843377653
1174,37,1,0,0,20.0,20.998691264810983
1175,738,1,0,0,48.0,142.38294822327182
1176,15,0,0,0,53.0,54.51824520732505
1177,24,1,0,0,31.0,25.83014317155992
1178,11,0,0,0,42.0,61.49102265651528
1179,25,1,0,1,40.0,21.026772856628035
1180,10,1,1,0,46.0,44.980816218419044
1181,14,0,0,1,34.0,74.83032385532256
1182,13,0,0,0,50.0,51.36891750449136
1183,72,0,0,0,28.0,78.72904620558866
1184,22,1,1,0,50.0,62.48713310282576
1185,6,0,0,0,52.0,23.47116930789926
1186,45,1,0,0,35.0,70.5926986719153
1187,40,1,1,0,41.0,85.39652617853196
1188,21,0,0,0,36.0,36.40545435829615
1189,15,1,0,0,43.0,39.69284877877292
1190,13,1,0,0,44.0,29.43018869721363
1191,20,0,0,0,39.0,43.9214489596881
1192,28,1,0,1,32.0,41.05960110155158
1193,4,0,1,1,47.0,38.801061316145045
1194,38,1,0,0,41.0,42.90372195813314
1195,30,1,1,0,68.0,89.03753489712017
1196,74,0,0,0,20.0,86.50090262201512
1197,3,0,1,0,62.0,79.76249396539848
1198,12,0,0,0,41.0,28.8697331081686
1199,5,1,0,0,46.0,26.39475455702153
1200,19,1,0,0,26.0,39.93946262143594
1201,8,0,1,0,29.0,49.13042717302651
1202,65,1,0,1,40.0,60.7910301720623
1203,13,0,0,0,35.0,44.41514835752242
1204,10,0,1,1,18.0,25.14139104525504
1205,16,0,0,0,36.0,72.77053624228009
1206,9,0,1,0,36.0,60.48202269497927
1207,28,1,1,0,29.0,74.89257438693704
1208,19,0,0,0,49.0,89.68359221151213
1209,22,1,0,0,52.0,48.11689185496186
1210,44,0,0,0,24.0,64.0890662769119
1211,91,0,0,0,31.0,102.18103919960917
1212,36,0,0,0,27.0,45.71791201508797
1213,3,0,1,0,38.0,21.42889710531843
1214,23,0,0,0,49.0,62.40820553914019
1215,20,0,0,0,41.0,74.096625211958
1216,45,0,0,1,33.0,46.2977497446562
1217,157,1,0,0,28.0,96.61877781204429
1218,49,1,0,1,56.0,85.43760371494052
1219,15,0,0,0,53.0,57.79491456229218
1220,24,0,0,1,42.0,59.58549988165483
1221,3,0,0,0,18.0,29.955484629719837
1222,5,0,1,0,49.0,63.22148311980872
1223,89,1,0,1,37.0,70.29497758099527
1224,725,0,0,0,21.0,150.32513068812347
1225,17,0,1,0,55.0,65.206618408917
1226,23,0,0,0,43.0,71.78999903292762
1227,110,1,0,0,18.0,106.51322107692151
1228,31,0,1,1,31.0,74.30978252590036
1229,5,1,0,1,33.0,40.819050205265036
1230,26,0,1,0,28.0,47.93502976077809
1231,9,1,0,0,44.0,20.2718591691401
1232,17,0,0,0,50.0,54.73581327189799
1233,8,1,0,0,30.0,11.273338356563238
1234,12,0,0,0,63.0,44.643000886841264
1235,6,0,0,0,39.0,26.178118551193812
1236,40,1,0,0,60.0,69.62867339991946
1237,5,0,0,0,42.0,57.429540210912556
1238,53,0,1,0,50.0,127.20531104630139
1239,9,0,0,0,55.0,55.55312739904858
1240,6,0,0,0,27.0,58.786871632788866
1241,6,0,0,0,51.0,26.77265360192439
1242,76,0,0,0,24.0,82.0060560087409
1243,12,1,1,0,35.0,33.37167350684313
1244,17,1,0,0,37.0,29.266265420449308
1245,175,1,0,0,47.0,110.56636613367856
1246,2,0,0,0,18.0,29.04325431183186
1247,406,1,0,0,38.0,137.57762240470967
1248,3,0,0,0,35.0,16.271426125575886
1249,24,0,0,0,18.0,39.255541789490444
1250,10,0,0,0,18.0,34.69728187762076
1251,59,1,1,1,31.0,62.970757909654616
1252,60,0,0,1,18.0,52.980904581986344
1253,246,0,0,1,39.0,143.68154039718226
1254,3,0,1,1,20.0,25.511588021631635
1255,12,1,1,0,29.0,52.76365185237309
1256,20,0,0,0,26.0,33.32619714430042
1257,16,0,0,1,38.0,47.71532939715022
1258,55,1,0,0,41.0,88.41724417745463
1259,11,0,0,1,18.0,29.587420343085274
1260,162,0,1,0,18.0,142.06181133168582
1261,29,1,0,0,46.0,29.81751494833354
1262,1053,1,0,0,21.0,157.58576587521205
1263,10,0,0,0,41.0,7.391123626351385
1264,10,0,0,1,40.0,15.481309638061077
1265,11,0,1,0,38.0,67.63648859322052
1266,12,0,0,0,36.0,35.21479396749853
1267,14,0,0,0,41.0,88.67842030389308
1268,67,0,0,0,19.0,99.82552269595114
1269,18,1,0,0,37.0,46.247643568624376
1270,2,0,0,0,41.0,28.20801009886382
1271,148,1,0,0,46.0,94.61575236502895
1272,20,0,0,0,45.0,81.68529059972666
1273,25,0,0,0,32.0,50.078970832867434
1274,120,0,0,0,38.0,159.6558529815976
1275,76,0,0,1,38.0,93.2906859391662
1276,56,0,0,1,25.0,96.54152776222627
1277,51,0,0,0,37.0,71.94324446258676
1278,66,0,0,1,38.0,67.71857953646912
1279,15,0,0,0,30.0,50.36975573962117
1280,6,1,0,0,37.0,16.19913256403856
1281,17,0,0,0,51.0,69.13781545625042
1282,19,1,0,0,27.0,61.33675027378595
1283,27,0,0,1,68.0,87.3423089489662
1284,2,1,1,0,37.0,26.75781770111054
1285,15,0,1,0,44.0,52.47518022158339
1286,14,0,0,1,49.0,32.85247293360815
1287,8,0,0,0,40.0,50.470992756428124
1288,13,0,0,0,26.0,29.178217032904207
1289,155,1,1,0,33.0,122.1503305849849
1290,20,1,0,0,45.0,68.84423150869536
1291,42,1,0,0,42.0,54.889636356207625
1292,9,0,0,0,18.0,52.34059878266219
1293,45,1,0,0,59.0,116.22346631401237
1294,46,0,0,0,31.0,86.78027701941382
1295,35,1,0,0,26.0,42.62210091568129
1296,11,0,0,0,43.0,57.19251417634831
1297,318,0,0,0,25.0,149.92855383048297
1298,1,1,1,1,42.0,38.8624531370097
1299,4,0,0,0,23.0,33.56038804482465
1300,20,0,0,0,34.0,66.51372249797944
1301,7,0,0,0,35.0,23.669430429829216
1302,12,0,1,0,48.0,47.562667474209974
1303,758,1,0,0,44.0,162.64552039898336
1304,26,0,0,1,31.0,53.90452860632009
1305,4,0,0,0,18.0,20.217698013292736
1306,28,1,0,0,24.0,46.667164508760315
1307,1,0,0,0,41.0,29.326320212584694
1308,70,0,1,0,45.0,114.83877898276957
1309,19,1,0,0,21.0,18.241785702311745
1310,109,0,0,0,37.0,117.49231425423946
1311,2,0,0,0,31.0,8.351477084214952
1312,6,0,0,0,56.0,67.20026251429292
1313,8,0,0,0,52.0,32.08597549553712
1314,88,0,0,1,41.0,101.31712470500601
1315,48,1,0,0,18.0,97.63257356389994
1316,10,1,0,1,32.0,44.1181709162357
1317,22,0,1,1,29.0,65.43717001093259
1318,46,1,0,1,36.0,61.889088778017495
1319,21,0,0,1,18.0,72.4855804764984
1320,96,1,1,0,52.0,115.56310047958117
1321,10,1,1,1,57.0,39.34104717010577
1322,8,1,0,0,32.0,38.710047455971065
1323,10,0,0,0,31.0,16.511199027815227
1324,17,0,0,0,29.0,46.62633364756614
1325,9,0,1,0,35.0,19.01686708889595
1326,33,1,1,0,43.0,71.20544785625785
1327,6,0,0,0,56.0,35.981217414251695
1328,12,1,0,0,36.0,27.80598792232338
1329,8,0,0,0,35.0,56.68059563076609
1330,9,0,0,0,55.0,63.713509907006056
1331,7,0,0,0,19.0,39.5880027389905
1332,6,0,0,0,49.0,37.00415636214063
1333,74,0,0,0,49.0,96.46832716269844
1334,7,0,0,0,44.0,32.05782879076005
1335,180,0,0,1,26.0,89.53170910016706
1336,19,0,0,0,44.0,51.452389570784895
1337,13,0,0,0,43.0,24.903175798769837
1338,7,0,1,0,59.0,75.27337948425931
1339,64,1,0,0,33.0,99.32061109516101
1340,16,1,0,0,44.0,70.54130632001578
1341,52,1,0,1,19.0,68.06822675392603
1342,30,0,0,0,39.0,72.90098901668118
1343,10,0,0,0,35.0,37.34050240543772
1344,3,0,1,0,27.0,25.805670480214722
1345,14,1,1,0,30.0,49.26519773775668
1346,0,0,0,0,62.0,20.345727548247563
1347,125,1,1,0,42.0,139.79196503688263
1348,17,0,0,0,37.0,66.9136187459955
1349,19,1,0,0,20.0,30.343775389849057
1350,9,0,0,1,28.0,37.75919194834735
1351,22,1,1,0,39.0,88.870739623988
1352,86,0,0,0,38.0,73.58909994568883
1353,38,0,0,0,55.0,101.51759469701155
1354,22,0,0,1,35.0,65.3714823589009
1355,13,0,0,0,33.0,68.71255235118467
1356,19,1,0,0,35.0,51.98652769342474
1357,24,0,1,0,36.0,125.76824830535594
1358,13,0,1,1,34.0,60.3600954535527
1359,31,1,0,0,37.0,45.40751520050973
1360,41,0,0,1,44.0,72.52647369063202
1361,15,1,1,1,53.0,22.358923898526488
1362,0,0,1,0,29.0,27.542512063744688
1363,11,0,0,0,18.0,54.96367066686106
1364,42,1,0,0,44.0,71.36840408207384
1365,4,1,1,0,57.0,61.34980813153456
1366,25,0,0,0,34.0,70.09877335945045
1367,11,1,0,0,45.0,42.15661227122586
1368,14,1,0,0,25.0,58.74222041450237
1369,44,1,0,0,38.0,97.06735473130865
1370,12,1,0,0,29.0,31.165600650523736
1371,6,0,0,0,31.0,37.21326190982196
1372,12,0,0,0,26.0,48.15083757945772
1373,5,0,0,0,29.0,63.46677191586713
1374,26,0,0,1,30.0,58.81272051684552
1375,5,1,0,0,38.0,74.41604825727406
1376,29,0,0,0,37.0,70.16015448615003
1377,3,1,1,0,49.0,33.586265166712785
1378,31,1,0,0,34.0,84.37339474173513
1379,5,0,0,0,22.0,42.63708887303922
1380,18,0,1,0,32.0,102.66795547743465
1381,9,0,0,0,20.0,47.55107152035705
1382,6,0,0,0,49.0,56.240822841683006
1383,44,1,0,0,50.0,84.80164122597955
1384,466,1,0,0,18.0,133.44561694030085
1385,28,0,0,0,18.0,34.31079975056667
1386,15,0,0,0,52.0,33.08188138547265
1387,7,0,1,0,29.0,44.13087493248242
1388,48,0,0,1,36.0,44.22926981592243
1389,19,1,0,1,18.0,44.15850885419116
1390,21,1,0,0,52.0,34.314756613730694
1391,29,0,0,0,60.0,58.6940709788942
1392,53,1,0,1,39.0,45.44944596155691
1393,13,0,0,0,21.0,54.730952695291904
1394,83,0,0,1,58.0,87.42868728968237
1395,209,1,0,0,37.0,116.35445403542012
1396,176,1,0,0,32.0,93.3785935157366
1397,8,0,0,0,63.0,78.82971487091058
1398,41,1,0,0,22.0,45.24703215793193
1399,63,1,0,0,44.0,62.60624116510127
1400,14,0,0,0,18.0,88.48598233417556
1401,14,0,1,0,46.0,65.55087663785781
1402,23,1,0,0,27.0,45.757739189445275
1403,117,0,0,0,18.0,107.01585859967975
1404,1,0,0,0,63.0,45.277812135032335
1405,40,1,0,0,36.0,52.08991513583773
1406,45,1,0,0,22.0,65.15759630700475
1407,6,0,0,0,18.0,34.58073984619048
1408,43,0,0,0,24.0,83.8958894618541
1409,12,0,0,0,51.0,29.814176431334644
1410,24,0,0,0,34.0,55.77776571258248
1411,9,0,0,1,19.0,19.64459068479193
1412,39,1,0,0,57.0,84.10631448208778
1413,27,1,1,1,21.0,53.52195561755563
1414,11,0,0,0,34.0,39.69523460654694
1415,63,1,0,0,41.0,56.86028568674232
1416,21,1,0,0,33.0,45.7665839036127
1417,30,1,1,0,38.0,118.39437829823424
1418,44,0,0,0,18.0,81.4531988110814
1419,33,0,0,0,18.0,68.83850053536608
1420,8,0,0,0,40.0,27.3634430237549
1421,19,0,0,0,19.0,42.59295365225006
1422,66,0,0,0,46.0,108.43963268232767
1423,22,0,0,0,22.0,68.34927590583064
1424,19,0,0,0,18.0,43.38650982625065
1425,139,1,1,0,33.0,126.2349877421203
1426,4,0,0,0,29.0,18.302949569554563
1427,87,0,0,0,34.0,99.43122857866234
1428,27,0,0,1,56.0,34.49738837341936
1429,58,0,0,0,24.0,96.25601784758346
1430,16,0,0,0,31.0,88.76914630432469
1431,8,1,0,0,49.0,10.674772722659792
1432,34,1,0,0,29.0,51.66068533178617
1433,45,1,0,0,21.0,58.979467065810546
1434,33,1,0,1,38.0,65.20913060723547
1435,3,0,1,1,43.0,27.858703445155978
1436,138,0,0,0,18.0,107.19870373757094
1437,20,0,0,0,25.0,48.606230874719806
1438,21,0,1,0,43.0,68.94457793055926
1439,144,1,0,0,42.0,108.48729976696242
1440,3,0,0,0,40.0,32.55152646203681
1441,16,1,0,0,33.0,26.189710502850392
1442,24,1,0,0,18.0,61.47431039857827
1443,18,1,0,0,32.0,40.96843484395599
1444,5,0,0,0,58.0,35.65340446080535
1445,13,1,0,0,47.0,46.81886449142714
1446,46,0,0,1,18.0,83.00753013677061
1447,29,0,0,0,21.0,65.52503288487304
1448,23,0,0,0,21.0,56.109155409094186
1449,6,0,1,0,47.0,66.45248720885976
1450,82,0,0,0,45.0,117.09423060735523
1451,11,0,0,1,60.0,21.17812008649522
1452,63,0,0,0,52.0,96.85863462006549
1453,33,0,0,0,19.0,70.27045048584533
1454,27,1,0,0,36.0,66.51376284575349
1455,54,0,0,0,27.0,78.65627246738434
1456,29,1,0,0,18.0,48.66638827927196
1457,11,0,0,0,45.0,39.66236263934384
1458,8,0,0,0,48.0,40.52632304326035
1459,46,0,0,0,30.0,83.14694592906844
1460,17,0,0,0,56.0,65.13331376306236
1461,6,1,0,0,53.0,14.574142644687758
1462,11,1,0,0,31.0,59.5017946483609
1463,6,0,0,0,30.0,53.48033012501214
1464,7,0,0,0,49.0,40.0807515744477
1465,3,0,0,0,50.0,57.72586864420037
1466,4,0,0,0,27.0,41.614331687603524
1467,60,0,1,0,34.0,113.0476263037309
1468,3,0,0,0,48.0,21.01235978008795
1469,25,0,0,0,61.0,79.3715891689914
1470,33,0,0,0,43.0,81.9855432928159
1471,10,0,1,0,57.0,58.198329375261444
1472,59,0,1,1,43.0,83.91764842661871
1473,33,0,0,0,24.0,55.820771319697506
1474,29,0,0,0,50.0,95.02651166363675
1475,10,0,0,0,66.0,59.01330918091312
1476,40,1,0,0,22.0,59.920086790860196
1477,29,0,0,0,51.0,74.42773924161702
1478,53,0,0,0,19.0,93.84392876372578
1479,24,0,0,0,25.0,49.88130192570709
1480,84,0,0,0,44.0,103.17372420602688
1481,27,0,0,0,55.0,75.91522228138433
1482,11,1,0,0,39.0,29.24634322681699
1483,37,1,0,0,28.0,68.63819515214976
1484,25,1,0,0,50.0,56.64139684920299
1485,11,0,0,0,45.0,37.33148879379881
1486,10,1,0,0,40.0,26.655552862016396
1487,53,1,1,0,18.0,82.37271000123215
1488,3,0,1,1,37.0,13.702456037350451
1489,5,0,0,0,24.0,43.36536548889448
1490,9,0,1,1,18.0,57.3793185090438
1491,9,0,0,0,31.0,19.752780859488936
1492,4,0,0,0,62.0,37.51399711358796
1493,11,0,0,0,46.0,12.949143498673967
1494,42,1,1,0,36.0,63.45519788099101
1495,7,0,1,0,36.0,44.390893297465375
1496,63,1,0,0,34.0,67.67091611458684
1497,26,0,0,0,41.0,42.813928478651206
1498,7,0,0,0,31.0,30.712866580554476
1499,76,1,0,0,20.0,73.16980578434514
